{
  "project_info": {
    "project_number": "163790418537",
    "firebase_url": "https://mymap-72a39-default-rtdb.firebaseio.com",
    "project_id": "mymap-72a39",
    "storage_bucket": "mymap-72a39.appspot.com"
  },
  "client": [
    {
      "client_info": {
        "mobilesdk_app_id": "1:163790418537:android:64050956ccf8712596e8f8",
        "android_client_info": {
          "package_name": "com.example.mymap"
        }
      },
      "oauth_client": [
        {
          "client_id": "163790418537-0k7kcltcmbe8ia4flj8en2pvm2vdom4a.apps.googleusercontent.com",
          "client_type": 3
        }
      ],
      "api_key": [
        {
          "current_key": "AIzaSyC5UBFNXFqRhhTa5w68v4Q2OSumuFiY_FQ"
        }
      ],
      "services": {
        "appinvite_service": {
          "other_platform_oauth_client": [
            {
              "client_id": "163790418537-0k7kcltcmbe8ia4flj8en2pvm2vdom4a.apps.googleusercontent.com",
              "client_type": 3
            }
          ]
        }
      }
    }
  ],
  "configuration_version": "1"
}